patient_id,end_date,msoa_code
1,1970-03-21,E02000003
1,1960-05-31,E02000002
1,1967-12-30,E02000002
1,1964-05-02,E02000003
2,1957-06-13,
2,1952-06-13,
2,1955-09-10,
2,1933-03-09,
2,1944-05-11,E02000002
2,1945-12-21,
2,1958-10-04,
2,1956-08-04,E02000003
3,1967-11-06,E02000002
3,1978-07-27,E02000003
3,2001-05-13,E02000002
3,1979-12-01,
3,1994-02-11,
3,2000-10-22,E02000003
3,2000-06-26,
4,1937-07-15,E02000002
4,1937-07-10,E02000002
5,2025-06-26,
5,2020-10-28,E02000004
7,1995-07-13,E02000002
7,1995-07-08,E02000001
8,1952-06-09,E02000001
8,1939-10-19,E02000002
8,1936-02-06,E02000001
8,1955-10-31,E02000002
8,1939-11-30,
8,1972-12-22,E02000001
8,1933-10-09,E02000001
9,1962-08-18,E02000002
9,1965-02-01,
9,1963-02-10,E02000002
9,1967-11-10,
9,1967-11-01,
9,1963-12-19,E02000002
9,1963-09-24,E02000002
9,1968-02-29,E02000002
9,1969-10-23,E02000002
9,1963-08-21,
9,1968-04-11,E02000002
9,1970-03-03,
9,1967-09-13,E02000002
9,1964-10-05,E02000002
9,1967-05-01,E02000002
12,1945-09-28,E02000002
12,1951-05-02,E02000002
14,1999-08-13,E02000001
16,2013-07-11,E02000004
16,2012-11-27,
16,2015-09-12,E02000004
16,2018-12-01,E02000004
16,2012-08-20,E02000004
17,1981-04-07,
17,1958-08-09,E02000002
17,1934-03-16,E02000002
17,1933-03-03,E02000002
18,1994-10-27,
18,1966-11-12,E02000004
19,1981-12-28,
19,1979-05-17,E02000001
19,1992-09-13,E02000001
19,1975-06-14,E02000003
20,1938-03-23,E02000002
20,1908-11-20,E02000004
20,1918-01-11,E02000004
22,1968-02-23,E02000002
23,1990-05-01,E02000002
23,1988-06-15,E02000004
23,1992-10-28,
23,1987-02-18,E02000004
23,1989-05-09,
24,1944-06-23,E02000003
24,1944-04-09,
24,1945-08-14,
24,1946-05-14,E02000002
24,1948-04-11,E02000004
24,1945-04-19,
25,2011-01-29,E02000002
25,2026-04-24,E02000004
26,1951-09-22,E02000002
26,1952-05-14,E02000001
26,1960-07-10,
26,1952-03-19,E02000001
29,2023-03-10,E02000004
29,2016-06-25,E02000002
29,2020-05-16,E02000002
29,2023-04-18,
29,2016-11-26,E02000003
29,2020-11-04,E02000002
30,1995-10-19,E02000002
30,1973-03-03,
30,1997-08-03,
30,1978-03-11,
30,2000-11-10,
30,1976-05-11,E02000003
30,1981-04-08,E02000002
30,1965-02-26,E02000003
30,1988-09-25,E02000002
30,2001-02-22,
30,1988-09-28,E02000002
30,1974-09-23,
30,1984-11-30,E02000002
30,1994-02-03,
30,1966-07-20,E02000002
30,1983-11-30,E02000002
30,1976-04-22,
30,1996-08-01,
31,1962-01-08,E02000003
31,1967-07-13,
31,1968-03-02,E02000003
32,2023-03-30,E02000004
32,2007-08-29,E02000004
32,2012-11-23,
32,2009-01-16,
32,2000-05-08,
32,2009-01-05,E02000004
34,1971-10-06,E02000003
34,1996-01-26,E02000003
34,1983-05-02,
36,2025-10-12,E02000002
36,2020-02-22,E02000004
38,1955-10-02,E02000002
38,1958-11-10,E02000001
38,1964-10-25,
38,1961-04-16,E02000001
38,1965-12-20,E02000002
38,1974-12-31,E02000002
38,1966-03-30,
38,1964-09-26,
38,1969-03-21,E02000001
38,1970-08-04,E02000002
38,1974-08-03,E02000001
39,2008-10-24,E02000002
39,2016-06-19,E02000002
39,2004-11-03,E02000002
39,1993-07-22,E02000002
39,1990-03-21,E02000003
42,1944-06-17,
42,2005-05-30,E02000001
42,1950-09-19,
42,2005-09-03,E02000002
42,1953-11-19,E02000002
42,1976-05-11,
43,2021-04-30,E02000001
43,2020-01-10,E02000004
43,2016-11-29,E02000001
44,1935-03-11,
44,1935-11-22,E02000001
45,1901-11-14,
45,1901-06-24,
45,1901-08-14,
45,1901-05-27,E02000002
45,1901-07-13,E02000002
45,1901-10-29,
45,1901-11-23,E02000002
47,2003-02-19,
47,1974-08-03,E02000002
47,1977-04-12,E02000003
47,1997-03-29,E02000003
47,1998-05-27,
47,2000-05-24,E02000002
47,1990-04-05,E02000002
47,1995-11-18,E02000002
47,1991-09-13,E02000001
47,2009-03-05,E02000002
48,2017-08-23,
48,2023-08-05,E02000003
48,2019-10-25,E02000002
48,2025-06-09,E02000002
48,2026-01-05,
50,2005-04-17,
50,2020-10-28,E02000004
51,1990-11-28,E02000001
51,2017-09-21,
51,1989-07-25,E02000001
56,1958-03-14,E02000003
56,1958-08-11,E02000002
56,1959-12-28,
56,1959-10-22,E02000001
