patient_id,date
1,2008-02-04
2,1977-01-07
3,2000-03-08
3,2026-05-22
3,1985-10-29
3,1986-08-04
3,2016-08-10
3,1999-05-29
3,2008-07-14
3,1989-07-22
3,1983-07-31
4,1967-12-15
5,2003-03-19
5,2007-01-17
5,2015-03-25
5,2021-05-24
5,2015-04-07
5,2004-04-26
5,2012-05-18
5,2022-08-10
5,2009-02-12
5,2009-10-18
5,1999-01-28
5,2003-12-28
5,2020-12-21
5,2007-04-05
5,2003-02-17
5,2006-06-26
5,2009-01-12
5,2009-03-25
5,2001-02-14
5,2019-08-17
5,2002-04-25
5,2015-04-29
5,2018-02-14
5,2017-03-26
9,1974-12-15
9,1984-09-06
9,1982-01-29
10,2017-04-15
10,1991-09-29
10,1982-10-27
10,1989-07-07
10,1988-04-23
10,1978-11-12
10,1978-08-12
10,2012-12-28
10,2002-12-08
10,1998-11-05
10,1973-06-07
11,2024-11-22
14,1981-07-09
14,1992-12-30
14,2026-07-03
15,1979-03-23
16,2004-06-01
18,1962-03-27
18,1972-05-09
18,1981-09-12
18,1949-08-02
18,1993-10-03
18,2000-03-16
18,1968-01-25
18,1963-09-13
18,2020-10-18
18,1950-02-07
18,2013-04-17
18,2007-09-25
18,1949-01-28
18,1977-05-21
18,1947-06-08
18,2016-04-06
18,1961-05-28
18,2006-12-19
18,2013-04-14
18,1965-09-23
18,1988-06-03
18,2014-07-03
18,2020-03-13
18,2016-12-30
19,1985-04-21
19,2018-06-05
20,1989-05-16
20,1991-12-01
20,1943-07-05
20,2009-10-27
20,2010-08-29
20,1949-05-15
20,1984-03-11
20,1941-01-10
20,1971-09-08
21,2005-12-31
21,2010-01-30
22,1988-07-10
23,1974-06-29
23,2017-02-03
23,1981-04-29
23,1987-06-01
23,2020-07-24
24,1978-12-16
24,2019-08-09
24,1969-11-14
24,2011-04-13
24,2021-01-08
24,1996-05-05
24,1985-06-16
24,2021-06-22
24,1968-10-06
24,2020-03-06
24,1990-02-12
24,1998-02-04
24,1978-10-26
24,1975-04-26
24,1984-11-17
24,2016-07-06
25,2015-06-12
25,2024-04-23
25,2004-05-18
25,1995-01-10
27,1959-05-18
27,1948-01-03
27,2016-01-15
27,1950-03-23
27,1945-09-17
27,1970-06-24
29,2024-04-03
30,2016-11-15
30,1976-04-26
30,1977-10-24
30,2012-02-22
30,2025-10-25
30,1989-11-03
30,2022-07-11
31,2005-09-13
31,1999-01-21
31,2016-01-31
31,1986-12-20
31,1992-01-03
32,2012-02-26
32,2009-05-21
32,2026-02-15
32,2018-07-18
32,2009-03-01
32,2015-08-03
32,1992-11-22
33,2012-10-21
33,2005-02-26
35,2016-10-16
35,1971-06-13
35,1970-12-04
35,1987-10-21
35,1967-10-20
36,2024-07-03
36,2011-11-10
36,2000-10-07
36,2004-04-05
36,2003-01-12
38,2008-09-09
38,1997-06-28
38,1995-04-03
38,2019-09-10
38,1986-05-10
38,1972-07-03
38,2016-02-07
40,2002-10-05
40,2008-10-08
40,1978-09-18
40,1990-12-02
40,1992-10-24
40,2000-12-27
40,1988-01-28
40,1994-02-14
41,1994-10-06
41,2024-12-29
41,2007-04-12
41,2019-09-11
41,1973-07-20
41,2015-11-23
42,1991-05-11
42,2003-06-20
42,1983-08-05
42,2013-04-05
42,1991-11-19
42,2018-05-23
42,2020-08-07
43,2021-08-21
43,1991-03-20
43,2011-12-01
43,2023-06-13
43,2017-08-26
43,2004-03-25
43,2004-12-01
43,2001-08-15
43,2026-03-28
43,1994-02-22
43,1990-09-28
43,2016-09-08
43,2017-07-25
43,2019-08-08
43,1993-09-19
43,1990-10-06
43,2006-02-12
43,2024-06-03
43,2010-03-25
43,1998-01-17
43,1997-11-19
43,2024-08-24
43,2002-08-30
43,1994-09-16
43,2013-01-31
43,1991-03-20
43,2026-02-22
43,1995-11-18
43,2009-01-25
43,2004-06-13
44,1977-05-26
44,1971-06-03
44,1960-03-19
44,1957-06-03
44,2022-06-03
44,2012-12-01
45,1952-09-24
46,1998-09-03
47,1985-09-12
47,2003-04-21
47,1984-03-04
47,2006-03-16
47,1999-08-03
47,2000-01-27
47,2012-11-29
47,1990-11-28
47,1982-12-05
47,2025-11-30
47,2020-10-24
47,1974-07-31
47,1981-11-27
47,1975-08-03
47,2014-12-16
47,2005-10-31
47,2005-03-09
47,1985-07-24
47,1985-08-03
47,1999-11-17
47,2005-04-25
47,2014-07-10
47,1975-03-15
47,2023-07-06
47,1975-01-13
49,1986-11-26
50,1991-02-26
50,2001-01-20
50,1992-02-08
50,2012-03-25
