patient_id,date_of_birth
1,1929-09-01
2,1925-08-01
3,1961-11-01
4,1912-04-01
5,2017-04-01
7,1983-10-01
8,1920-05-01
9,1961-09-01
10,1963-11-01
12,1919-03-01
13,1908-08-01
14,1979-05-01
15,1925-08-01
16,2010-05-01
17,1927-11-01
18,1903-05-01
19,1972-05-01
20,1900-11-01
21,1990-04-01
22,1918-05-01
23,1963-04-01
24,1943-03-01
25,2009-10-01
26,1950-05-01
27,1909-10-01
28,1966-12-01
29,2015-08-01
30,1965-02-01
31,1961-02-01
32,1990-07-01
34,1949-08-01
35,1994-03-01
36,2016-09-01
38,1951-01-01
39,1989-06-01
40,1967-02-01
42,1938-09-01
43,1998-04-01
44,1908-11-01
45,1901-05-01
46,2002-09-01
47,1974-08-01
48,2014-04-01
49,1998-12-01
50,2001-03-01
51,1988-10-01
52,1963-05-01
53,1905-02-01
55,1946-01-01
56,1956-05-01
